<?xml version="1.0" encoding="UTF-8" standalone="yes"?>
<root xmlns:xsi="http://www.w3.org/2001/XMLSchema-instance">
	<Employee name="TestTwo">
		<Identifier>UG_U1.12</Identifier>
		<Priority>A</Priority>
		<Requirement>R97</Requirement>
		<Module>Галерея</Module>
		<SubModule>Загрузка файла</SubModule>
		<TitleAndSteps>Галерея, загрузка файла, имя со спец-символами Приготовления: создать непустой файл с именем.
    1. Нажать кнопку «Загрузить картинку».
    2. Нажать кнопку «Выбрать».
    3. Выбрать из списка приготовленный файл.
    4. Нажать кнопку «OK».
    5. Нажать кнопку «Доба-вить в галерею».</TitleAndSteps>
		<RequiredStepResult>1. Появляется окно загрузки картинки.
    2. Появляется диалого-вое окно браузера вы-бора файла для за-грузки.
    3. Имя выбранного файла появляется в поле «Файл».
    4. Диалоговое окно файла закрывается, в поле «Файл» появля-ется полное имя файла.
    5. Выбранный файл появляется в списке файлов галереи.</RequiredStepResult>
	</Employee>
</root>